id,age,wait,prior,transplant,survived,survtime_days
1,22,42,1,1,1,1239
2,59,238,1,0,0,1165
3,53,351,1,0,1,1345
4,41,316,1,0,1,562
5,41,100,0,1,1,1506
6,64,166,1,0,0,1870
7,22,194,1,1,1,893
8,55,91,1,0,1,353
9,28,98,1,1,1,985
10,23,87,1,1,1,520
11,46,363,0,0,1,953
12,70,272,1,0,1,1578
13,57,307,0,1,1,310
14,59,298,0,0,1,1875
15,56,350,1,0,1,584
16,60,39,1,1,1,2239
17,45,321,0,0,1,1839
18,24,25,0,0,1,703
19,63,174,0,0,0,1421
20,42,217,0,0,1,303
21,45,131,0,1,1,276
22,38,54,0,1,1,2391
23,27,70,1,0,1,2012
24,68,301,1,0,0,411
25,60,117,1,1,0,728
26,52,113,0,0,0,518
27,39,337,0,0,1,1006
28,62,53,0,0,1,749
29,47,334,1,0,1,840
30,41,336,0,1,1,1337
31,42,218,0,0,1,496
32,30,61,0,0,1,2210
33,22,57,1,1,1,1827
34,47,104,0,0,1,1908
35,65,211,0,1,1,448
36,21,56,1,0,1,1779
37,64,166,1,0,0,2095
38,62,43,0,0,1,462
39,32,197,0,1,1,1885
40,52,8,1,1,1,913
41,26,259,1,0,1,1975
42,58,21,1,0,0,1211
43,55,71,0,0,1,2011
44,37,64,0,1,1,394
45,21,303,1,0,0,991
46,70,20,0,1,1,705
47,42,157,0,1,1,643
48,66,216,1,1,1,791
49,54,188,1,0,1,974
50,60,248,0,0,1,344
51,59,293,1,0,1,1776
52,28,144,0,1,1,1389
53,37,302,1,1,1,2078
54,43,116,1,1,1,1771
55,44,359,0,0,1,398
56,20,184,1,0,1,202
57,47,268,0,1,1,1074
58,26,319,1,1,1,1218
59,58,289,0,1,1,623
60,54,310,0,1,1,1962
61,67,196,1,0,0,1466
62,58,16,1,0,0,1877
63,37,180,0,0,1,299
64,70,67,1,1,0,2043
65,40,324,1,1,1,539
66,35,87,0,0,1,1137
67,66,84,1,1,1,1115
68,38,91,1,1,1,2056
69,22,234,0,1,1,713
70,43,208,0,1,1,624
71,60,346,1,0,1,868
72,28,152,0,0,1,921
73,42,103,1,1,1,478
74,25,18,1,1,1,465
75,55,3,0,0,0,601
76,43,136,0,0,1,1184
77,35,337,1,1,1,878
78,30,191,0,1,1,998
79,48,326,0,0,1,1806
80,54,38,1,1,1,625
81,68,34,1,0,0,2277
82,41,304,1,0,1,1886
83,26,39,1,1,1,461
84,62,19,1,0,1,805
85,52,148,0,1,1,483
86,55,337,1,0,1,703
87,23,251,1,1,0,932
88,34,37,1,0,1,353
89,59,305,1,1,0,65
90,62,308,0,0,1,1113
91,41,292,1,1,1,1761
92,61,329,0,0,1,778
93,63,88,1,0,0,2155
94,38,357,0,0,1,942
95,66,117,0,1,0,2254
96,33,292,0,0,1,612
97,30,211,1,1,1,1362
98,54,284,1,1,1,1914
99,52,229,0,1,1,175
100,25,234,0,1,1,2327
101,62,225,0,0,1,931
102,28,284,0,1,1,1259
103,61,270,1,1,1,1582
104,18,49,0,0,1,1618
105,61,301,0,0,1,88
106,60,196,0,1,1,2171
107,60,118,0,0,1,1570
108,53,188,1,1,1,2497
109,43,352,1,0,1,1194
110,56,313,0,0,0,1545
111,32,304,1,1,0,1119
112,60,169,0,0,1,2227
113,48,286,0,1,1,2085
114,42,141,0,1,1,2274
115,45,250,0,0,1,1275
116,48,233,0,0,1,1984
117,20,91,1,1,1,916
118,25,97,1,1,1,1168
119,31,23,1,0,1,1907
120,24,51,0,1,1,230
121,41,158,0,0,1,1784
122,54,174,0,0,1,69
123,53,61,0,1,1,1464
124,43,152,0,0,1,1208
125,64,220,1,1,1,1187
126,48,85,1,1,1,1250
127,22,124,1,1,1,1245
128,59,134,1,1,1,1036
129,49,184,1,0,0,1144
130,52,134,1,0,0,1433
131,48,269,0,1,1,1915
132,47,120,1,1,1,1393
133,22,158,1,0,0,1617
134,48,139,1,1,0,2096
135,60,67,1,0,0,2474
136,34,250,0,1,1,298
137,50,86,1,0,0,1790
138,19,109,0,1,1,586
139,36,289,1,0,1,516
140,41,346,1,0,1,1988
141,71,245,1,1,1,199
142,29,334,0,0,1,2124
143,32,311,1,0,1,1933
144,40,176,1,1,0,2487
145,71,281,0,0,1,1679
146,64,120,0,0,1,2186
147,19,168,1,0,1,322
148,30,195,1,1,1,2228
149,62,350,1,1,1,426
150,21,309,1,1,1,806
151,64,179,0,0,1,346
152,33,238,1,0,1,1022
153,67,74,0,0,1,1880
154,33,293,1,1,1,692
155,41,202,0,0,1,2060
156,53,194,1,0,1,1527
157,24,279,0,1,1,1583
158,48,231,1,1,1,2348
159,45,27,0,1,1,1096
160,60,105,0,0,0,881
161,71,65,1,1,1,2486
162,53,268,0,1,1,1405
163,40,13,1,0,1,1548
164,39,74,1,1,1,761
165,40,218,1,1,1,562
166,61,253,0,0,1,449
167,35,184,0,1,1,582
168,27,314,0,1,1,512
169,36,335,1,1,1,1874
170,19,49,1,1,1,173
171,23,347,1,1,1,1584
172,22,224,1,1,1,2374
173,59,232,0,0,1,1920
174,57,35,0,1,0,1025
175,55,227,0,1,1,176
176,42,265,0,1,1,2090
177,56,212,0,0,1,37
178,26,31,0,0,1,1712
179,66,191,0,1,1,1687
180,45,341,0,1,1,504
181,68,264,1,1,1,1857
182,26,51,1,0,0,463
183,44,350,1,0,0,587
184,55,350,0,1,1,2035
185,44,62,0,0,0,2448
186,42,292,0,1,1,683
187,26,149,0,0,1,2305
188,38,217,1,0,0,2285
189,30,163,1,1,1,1930
190,34,285,0,0,1,375
191,54,363,0,1,1,769
192,52,290,0,1,1,1703
193,50,340,0,1,1,2498
194,37,345,1,0,1,2041
195,69,33,1,0,0,1068
196,22,93,1,1,1,611
197,36,263,1,0,1,2402
198,24,215,1,0,1,712
199,36,19,1,0,1,875
200,69,35,1,1,0,2412
201,37,190,1,0,0,1417
202,67,225,0,0,1,683
203,44,62,1,1,1,43
204,55,63,1,0,1,1091
205,42,48,1,1,1,2465
206,32,206,1,1,1,1098
207,59,3,1,1,1,1757
208,70,209,1,1,1,654
209,32,174,0,0,1,1945
210,60,170,1,0,1,1946
211,32,248,1,0,1,1532
212,56,191,1,0,0,1936
213,60,265,0,1,1,1459
214,42,279,1,1,1,964
215,57,335,0,1,1,1852
216,32,291,0,1,1,2092
217,22,189,1,1,1,2107
218,23,180,1,0,1,556
219,42,86,1,0,1,1701
220,66,219,0,1,1,40
221,24,51,1,0,1,1442
222,42,339,1,1,1,1440
223,56,308,1,1,1,927
224,28,44,1,1,0,2485
225,56,287,0,1,1,2210
226,34,43,1,1,1,125
227,61,263,0,1,1,545
228,49,32,1,1,0,543
229,47,178,0,0,0,2246
230,27,240,0,0,1,1311
231,43,266,1,1,1,1830
232,64,153,1,1,0,2030
233,19,336,1,1,1,1926
234,58,282,1,1,1,249
235,44,76,1,1,1,376
236,56,245,0,1,1,1006
237,53,266,0,1,1,865
238,41,122,0,0,1,1875
239,34,269,0,0,1,415
240,51,328,0,0,1,947
241,25,298,1,0,1,614
242,49,278,1,1,0,496
243,23,231,1,0,1,456
244,53,99,0,0,0,512
245,51,290,1,0,1,1424
246,22,133,1,1,1,1042
247,58,194,1,1,1,1105
248,40,115,0,0,1,1214
249,60,114,0,1,1,1860
250,20,58,1,1,1,2158
251,27,350,0,1,1,1330
252,44,54,0,1,1,1616
253,28,32,0,1,1,1854
254,35,341,1,0,1,1735
255,53,203,1,1,0,361
256,25,160,0,0,1,2457
257,54,269,0,0,1,437
258,23,140,1,1,1,1047
259,27,47,1,1,1,1641
260,49,266,1,1,1,1026
261,60,65,0,0,1,630
262,27,202,1,0,1,2310
263,34,346,0,0,1,206
264,67,341,1,1,1,637
265,71,132,0,1,1,2482
266,49,285,0,1,1,1832
267,42,224,0,1,1,244
268,36,175,0,0,1,1893
269,51,51,1,0,1,2424
270,49,137,0,0,1,271
271,33,238,0,0,1,1052
272,19,360,0,0,1,1186
273,26,2,1,0,0,353
274,69,262,1,0,0,525
275,40,309,1,1,1,459
276,44,347,1,0,0,487
277,43,155,1,0,1,1026
278,60,44,1,0,0,1175
279,21,99,0,0,1,617
280,22,310,1,1,1,744
281,32,320,1,0,1,504
282,44,232,1,0,1,1996
283,54,45,0,0,1,553
284,44,45,1,1,0,2271
285,41,175,0,1,1,1360
286,68,215,0,0,1,2012
287,26,12,1,0,1,1601
288,48,250,0,0,1,687
289,47,199,0,0,1,1515
290,43,5,1,1,1,707
291,61,35,0,1,1,322
292,32,166,1,1,0,659
293,69,264,0,0,1,710
294,35,301,0,0,1,363
295,47,157,1,0,1,88
296,46,108,1,0,0,2361
297,63,353,0,1,1,1298
298,41,167,1,0,1,1023
299,33,115,1,0,1,2326
300,19,162,0,1,1,584
301,37,5,1,0,0,1025
302,62,110,0,0,0,2121
303,18,188,1,0,1,1591
304,66,335,1,0,0,1016
305,47,269,1,0,0,661
306,25,285,1,0,1,116
307,34,199,0,0,1,240
308,47,41,0,0,1,429
309,35,143,0,0,1,1972
310,23,363,1,1,1,1608
311,53,17,1,0,0,1100
312,54,321,0,1,1,1963
313,24,250,1,1,1,427
314,33,104,1,0,0,551
315,31,284,1,1,1,1000
316,53,305,0,0,1,2295
317,57,16,1,0,0,1547
318,57,39,1,0,0,2131
319,68,243,0,0,1,642
320,59,364,0,0,1,2125
321,35,9,0,0,1,209
322,23,243,0,1,1,592
323,51,50,1,0,0,1321
324,67,237,1,1,1,154
325,70,227,1,1,1,2149
326,30,33,0,1,1,2172
327,30,248,1,0,1,1367
328,20,327,0,1,1,785
329,25,315,1,1,1,274
330,47,11,0,1,1,1558
331,47,90,0,0,1,1358
332,38,88,1,1,1,1907
333,34,165,0,1,1,1518
334,62,53,1,0,0,346
335,42,311,1,0,1,330
336,61,283,1,0,0,1958
337,70,295,1,1,1,422
338,35,73,0,0,1,2348
339,28,6,1,0,1,291
340,69,332,0,1,1,1829
341,52,106,1,0,0,2438
342,33,239,0,0,1,1119
343,51,332,0,1,1,170
344,45,14,1,1,1,2195
345,66,2,0,1,1,492
346,31,2,1,1,1,1332
347,71,57,1,0,0,2461
348,68,19,1,1,0,1869
349,27,299,1,1,1,144
350,26,221,1,0,1,2056
351,46,357,0,0,1,428
352,20,292,0,0,1,1880
353,34,351,0,0,1,1563
354,41,87,1,0,1,741
355,70,105,0,0,1,1076
356,71,310,0,1,1,321
357,26,90,0,0,1,2467
358,66,21,0,1,1,618
359,22,244,0,1,1,792
360,58,292,0,1,1,1272
361,63,353,0,1,1,1690
362,66,338,0,0,1,1278
363,30,44,0,1,1,1277
364,66,282,0,0,1,1469
365,24,308,1,1,1,2148
366,46,255,0,0,1,1005
367,43,299,0,0,1,2085
368,35,306,0,1,1,1973
369,19,163,1,0,0,2403
370,59,15,1,1,1,2285
371,36,167,1,0,0,2001
372,53,74,0,0,0,639
373,40,42,0,1,1,1942
374,38,46,0,1,1,1849
375,65,254,1,0,0,745
376,23,184,1,0,1,1704
377,57,197,1,0,1,654
378,58,272,1,1,1,1322
379,38,200,1,1,0,1997
380,32,230,1,0,1,495
381,18,32,1,0,1,862
382,68,310,0,0,0,1994
383,69,164,0,0,1,1150
384,31,57,1,1,1,2402
385,19,297,0,1,1,49
386,24,268,0,0,1,1812
387,21,20,1,1,1,2041
388,62,71,0,0,0,2297
389,66,6,1,0,0,417
390,26,99,1,0,1,2460
391,58,37,0,0,1,998
392,27,259,1,0,1,899
393,37,191,1,1,1,908
394,50,357,1,1,1,1606
395,56,273,0,0,0,1658
396,65,223,1,1,1,1200
397,20,186,1,1,1,205
398,28,20,1,1,1,2466
399,33,26,0,1,1,578
400,34,225,0,0,1,261
401,71,2,1,1,0,1505
402,59,16,0,1,0,1048
403,35,80,0,1,1,1550
404,70,322,0,0,1,2192
405,44,168,0,0,1,270
406,45,259,0,0,1,731
407,41,150,0,0,1,1305
408,25,64,1,0,1,1975
409,68,136,0,0,0,1513
410,18,34,0,1,1,975
411,27,281,0,0,1,1536
412,30,67,1,1,1,2450
413,33,138,0,0,0,1215
414,25,357,1,1,1,2212
415,18,216,1,0,1,1956
416,54,167,1,1,1,774
417,70,198,1,0,0,646
418,24,286,0,0,1,1932
419,34,93,1,0,1,542
420,45,232,0,1,1,862
421,68,318,1,0,1,611
422,55,209,1,1,1,1527
423,59,163,1,1,1,756
424,49,53,1,0,1,1656
425,40,91,0,0,0,2339
426,28,345,1,0,1,2079
427,64,198,1,0,0,2371
428,61,110,1,0,1,90
429,19,153,0,0,0,1154
430,56,211,1,1,1,573
431,22,196,0,0,1,2297
432,57,255,0,0,1,1788
433,62,94,0,1,1,820
434,25,237,1,1,1,1421
435,41,162,0,0,1,1525
436,24,343,0,0,1,1254
437,48,58,0,0,1,1201
438,68,55,1,1,1,166
439,22,169,0,1,1,1147
440,39,186,1,0,1,890
441,70,252,1,0,0,2051
442,34,148,1,0,1,2166
443,25,333,1,1,1,1883
444,44,173,0,0,1,106
445,45,48,0,0,0,2107
446,53,44,0,0,1,1009
447,34,355,1,0,0,1058
448,69,49,1,1,0,2364
449,46,346,1,0,1,2172
450,33,102,0,0,0,155
451,69,35,0,1,0,918
452,67,111,0,1,1,1881
453,44,224,0,0,1,1360
454,19,156,0,0,1,666
455,50,286,1,1,1,1326
456,47,223,0,0,1,2170
457,26,146,1,1,1,581
458,52,232,0,1,1,1872
459,63,354,0,1,1,1844
460,23,150,1,0,0,2217
461,57,56,1,1,0,765
462,25,149,0,1,1,563
463,58,306,0,0,1,1382
464,40,80,0,1,1,1342
465,18,346,1,1,1,1041
466,70,215,0,1,1,1954
467,26,219,1,0,1,2003
468,50,116,0,0,1,636
469,27,336,1,1,1,1994
470,68,14,0,0,1,599
471,57,109,1,1,1,1036
472,61,153,1,1,1,97
473,41,174,0,1,1,870
474,43,173,0,0,1,2397
475,52,54,1,1,1,1123
476,60,83,0,0,1,1783
477,63,35,0,1,0,296
478,18,209,0,0,1,1599
479,53,128,0,0,1,947
480,23,206,0,1,1,1867
481,33,215,0,1,1,2322
482,62,256,0,1,1,1343
483,31,200,0,0,1,283
484,61,236,0,1,1,1206
485,43,214,0,1,1,334
486,30,238,1,1,1,1140
487,36,225,0,1,1,181
488,46,116,0,0,0,1611
489,59,90,0,0,1,796
490,50,287,1,1,0,527
491,68,125,0,1,1,72
492,64,200,0,0,0,2223
493,58,72,0,0,0,2097
494,50,158,0,1,1,2035
495,33,193,0,1,1,173
496,40,228,0,0,1,893
497,24,192,1,1,1,2429
498,38,132,1,1,1,1459
499,68,351,0,0,1,347
500,40,187,1,0,1,378
